{
    "cluj-napoca": {
      "display_name": "Cluj-Napoca",
      "bbox_full":   [46.751800, 23.542328, 46.779197, 23.634081],
      "bbox_center": [46.766235, 23.584642, 46.775083, 23.602796]
    }
  }